{
    "text": 1,
    "2": 2,
    "सञ्जय": 1,
    "उवाच": 1,
    "दृष्ट्वा": 1,
    "तु": 1,
    "पाण्डवानीकं": 1,
    "व्यूढं": 1,
    "दुर्योधनस्तदा": 1,
    "आचार्यमुपसङ्गम्य": 1,
    "राजा": 1,
    "वचनमब्रवीत्": 1,
    "२": 1,
    "sañjaya": 11,
    "uvāca": 4,
    "dṛṣṭvā": 4,
    "tu": 4,
    "pāṇḍavānīkaṁ": 2,
    "vyūḍhaṁ": 2,
    "duryodhanas": 2,
    "tadā": 4,
    "ācāryam": 4,
    "upasaṅgamya": 4,
    "rājā": 4,
    "vacanam": 4,
    "abravīt": 4,
    "synonyms": 1,
    "sañjayaḥ": 2,
    "said": 2,
    "after": 3,
    "seeing": 2,
    "but": 2,
    "pāṇḍava": 2,
    "anīkam": 2,
    "the": 28,
    "soldiers": 1,
    "of": 13,
    "pāṇḍavas": 4,
    "vyūḍham": 2,
    "arranged": 2,
    "in": 5,
    "a": 21,
    "military": 4,
    "phalanx": 1,
    "duryodhanaḥ": 2,
    "king": 7,
    "duryodhana": 8,
    "at": 2,
    "that": 5,
    "time": 1,
    "teacher": 2,
    "approaching": 1,
    "words": 2,
    "spoke": 2,
    "translation": 1,
    "o": 1,
    "looking": 1,
    "over": 1,
    "army": 1,
    "formation": 1,
    "by": 1,
    "sons": 3,
    "pāṇḍu": 2,
    "went": 2,
    "to": 8,
    "his": 5,
    "and": 4,
    "following": 1,
    "purport": 1,
    "dhṛtarāṣṭra": 3,
    "was": 5,
    "blind": 2,
    "from": 1,
    "birth": 2,
    "unfortunately": 1,
    "he": 8,
    "also": 1,
    "bereft": 1,
    "spiritual": 1,
    "vision": 1,
    "knew": 1,
    "very": 1,
    "well": 1,
    "were": 3,
    "equally": 1,
    "matter": 1,
    "religion": 1,
    "sure": 1,
    "they": 1,
    "could": 3,
    "never": 1,
    "reach": 1,
    "an": 1,
    "understanding": 1,
    "with": 1,
    "who": 1,
    "all": 1,
    "pious": 1,
    "since": 1,
    "still": 2,
    "doubtful": 1,
    "about": 2,
    "influence": 2,
    "place": 2,
    "pilgrimage": 1,
    "understand": 1,
    "motive": 1,
    "asking": 1,
    "situation": 2,
    "on": 2,
    "battlefield": 1,
    "wanted": 1,
    "therefore": 3,
    "encourage": 1,
    "despondent": 1,
    "thus": 1,
    "assured": 1,
    "him": 2,
    "not": 2,
    "going": 1,
    "make": 1,
    "any": 1,
    "sort": 1,
    "compromise": 1,
    "under": 1,
    "holy": 1,
    "informed": 1,
    "son": 1,
    "force": 1,
    "once": 1,
    "commander": 2,
    "chief": 1,
    "droṇācārya": 1,
    "inform": 1,
    "real": 1,
    "position": 1,
    "although": 1,
    "is": 2,
    "mentioned": 1,
    "as": 1,
    "had": 1,
    "go": 1,
    "account": 1,
    "seriousness": 1,
    "quite": 1,
    "fit": 1,
    "be": 1,
    "politician": 1,
    "s": 4,
    "diplomatic": 1,
    "veneer": 1,
    "disguise": 1,
    "fear": 1,
    "felt": 1,
    "when": 1,
    "saw": 1,
    "arrangement": 1,
    "vers": 2,
    "mondta": 1,
    "miután": 1,
    "megtekintette": 3,
    "de": 1,
    "pāṇḍavák": 3,
    "harcosait": 1,
    "hadi": 2,
    "falanxot": 1,
    "alkotva": 1,
    "király": 3,
    "akkor": 1,
    "tanítót": 1,
    "megközelítve": 1,
    "szavakat": 2,
    "szólta": 1,
    "így": 1,
    "szólt": 1,
    "óh": 1,
    "uralkodó": 1,
    "fiai": 3,
    "által": 1,
    "hadrendbe": 1,
    "állított": 1,
    "sereget": 1,
    "majd": 2,
    "tanárához": 1,
    "lépett": 1,
    "következő": 1,
    "intézte": 1,
    "hozzá": 1,
    "magyarázat": 1,
    "vakon": 1,
    "született": 1,
    "és": 1,
    "sajnos": 1,
    "lelki": 1,
    "látóképességgel": 1,
    "sem": 3,
    "rendelkezett": 1,
    "jól": 1,
    "tudta": 2,
    "hogy": 5,
    "vallás": 1,
    "tekintetében": 1,
    "éppoly": 1,
    "vakok": 1,
    "mint": 1,
    "ő": 1,
    "maga": 1,
    "abban": 1,
    "biztos": 1,
    "volt": 2,
    "sohasem": 1,
    "lennének": 1,
    "képesek": 1,
    "megegyezni": 1,
    "pāṇḍavákkal": 1,
    "akik": 1,
    "születésük": 1,
    "óta": 1,
    "mindannyian": 1,
    "jámbor": 1,
    "hívők": 1,
    "voltak": 1,
    "zarándokhely": 1,
    "befolyása": 2,
    "miatt": 2,
    "azonban": 1,
    "kétségek": 1,
    "gyötörték": 1,
    "megértette": 1,
    "miért": 1,
    "kérdezi": 1,
    "őt": 2,
    "csata": 1,
    "alakulásáról": 1,
    "ezért": 1,
    "bátorítani": 1,
    "akarta": 1,
    "az": 1,
    "elcsüggedt": 1,
    "királyt": 1,
    "megnyugtatta": 1,
    "nem": 1,
    "fognak": 1,
    "megalkudni": 1,
    "szent": 1,
    "hely": 1,
    "ellenére": 1,
    "elmondta": 1,
    "királynak": 1,
    "fia": 1,
    "haderejét": 1,
    "azonnal": 1,
    "legfőbb": 1,
    "hadvezérhez": 2,
    "droṇācāryához": 1,
    "sietett": 1,
    "tájékoztassa": 1,
    "valódi": 1,
    "helyzetről": 1,
    "habár": 1,
    "duryodhanáról": 1,
    "királyként": 1,
    "tesz": 1,
    "említést": 1,
    "helyzet": 1,
    "komolysága": 1,
    "mégis": 1,
    "fő": 1,
    "kellett": 1,
    "fordulnia": 1,
    "nagyon": 1,
    "ügyes": 1,
    "politikus": 1,
    "tehát": 1,
    "ám": 1,
    "még": 1,
    "diplomatikus": 1,
    "viselkedésével": 1,
    "leplezni": 1,
    "azt": 1,
    "félelmet": 1,
    "amit": 1,
    "elrendezésének": 1,
    "láttán": 1,
    "érzett": 1
}