{
    "napfelkelte": [
        "🌅",
        "☀️"
    ],
    "jóga": [
        "🧘",
        "🕉️"
    ],
    "trikonaszana": [
        "🔺",
        "🧘"
    ],
    "csavarás": [
        "🌀"
    ],
    "béke": [
        "☮️"
    ],
    "légzés": [
        "💨"
    ],
    "test": [
        "🏃"
    ],
    "energia": [
        "⚡"
    ],
    "ászana": [
        "🧘"
    ],
    "gerinc": [
        "🦴"
    ],
    "csípő": [
        "🦵"
    ],
    "bandha": [
        "🔒"
    ],
    "meditáció": [
        "🧘‍♂️",
        "🧘‍♀️"
    ],
    "nyújtás": [
        "🤸"
    ],
    "egyensúly": [
        "⚖️"
    ],
    "tanítás": [
        "📚"
    ],
    "demo": [
        "🎬"
    ],
    "videó": [
        "📹"
    ],
    "sunrise": [
        "🌅",
        "☀️"
    ],
    "yoga": [
        "🧘",
        "🕉️"
    ],
    "twist": [
        "🌀"
    ],
    "peace": [
        "☮️"
    ],
    "breath": [
        "💨"
    ],
    "body": [
        "🏃"
    ],
    "energy": [
        "⚡"
    ],
    "asana": [
        "🧘"
    ],
    "spine": [
        "🦴"
    ],
    "hip": [
        "🦵"
    ],
    "meditation": [
        "🧘‍♂️",
        "🧘‍♀️"
    ],
    "stretch": [
        "🤸"
    ],
    "balance": [
        "⚖️"
    ],
    "teaching": [
        "📚"
    ],
    "video": [
        "📹"
    ],
    "napüdvözlet": [
        "🌞"
    ],
    "rainbow": [
        "🌈"
    ],
    "crescent": [
        "🌙"
    ],
    "moon": [
        "🌙",
        "🌚"
    ],
    "new": [
        "🌚"
    ],
    "face": [
        "🌚",
        "🌞",
        "😀",
        "😁",
        "😂",
        "😃",
        "😄",
        "😅",
        "😆",
        "😇",
        "😈",
        "😉",
        "😊",
        "😋",
        "😌",
        "😍",
        "😎",
        "😏",
        "😐",
        "😑",
        "😒",
        "😓",
        "😔",
        "😕",
        "😖",
        "😘",
        "😙",
        "😚",
        "😛",
        "😜",
        "😝",
        "😞",
        "😟",
        "😠",
        "😡",
        "😢",
        "😣",
        "😤",
        "😥",
        "😨",
        "😩",
        "😪",
        "😫",
        "😬",
        "😭",
        "😰",
        "😱",
        "😳",
        "😴",
        "😶",
        "😷"
    ],
    "sun": [
        "🌞"
    ],
    "with": [
        "🌞",
        "💘",
        "😁",
        "😂",
        "😃",
        "😄",
        "😅",
        "😇",
        "😈",
        "😊",
        "😍",
        "😎",
        "😓",
        "😙",
        "😚",
        "😛",
        "😜",
        "😝",
        "😤",
        "😰",
        "😷",
        "😹",
        "😻"
    ],
    "glowing": [
        "🌟"
    ],
    "star": [
        "🌟"
    ],
    "tulip": [
        "🌷"
    ],
    "cherry": [
        "🌸"
    ],
    "blossom": [
        "🌸"
    ],
    "rose": [
        "🌹"
    ],
    "hibiscus": [
        "🌺"
    ],
    "four": [
        "🍀"
    ],
    "leaf": [
        "🍀",
        "🍃"
    ],
    "clover": [
        "🍀"
    ],
    "fluttering": [
        "🍃"
    ],
    "in": [
        "🍃",
        "😱"
    ],
    "wind": [
        "🍃"
    ],
    "pizza": [
        "🍕"
    ],
    "clinking": [
        "🍻"
    ],
    "beer": [
        "🍻"
    ],
    "mugs": [
        "🍻"
    ],
    "ribbon": [
        "🎀"
    ],
    "balloon": [
        "🎈",
        "💭"
    ],
    "party": [
        "🎉"
    ],
    "popper": [
        "🎉"
    ],
    "microphone": [
        "🎤"
    ],
    "movie": [
        "🎥"
    ],
    "camera": [
        "🎥",
        "📷"
    ],
    "headphone": [
        "🎧"
    ],
    "musical": [
        "🎵",
        "🎶"
    ],
    "note": [
        "🎵"
    ],
    "notes": [
        "🎶"
    ],
    "eyes": [
        "👀",
        "😁",
        "😃",
        "😄",
        "😊",
        "😙",
        "😚"
    ],
    "tongue": [
        "👅",
        "😛",
        "😜",
        "😝"
    ],
    "backhand": [
        "👇",
        "👈",
        "👉"
    ],
    "index": [
        "👇",
        "👈",
        "👉"
    ],
    "pointing": [
        "👇",
        "👈",
        "👉"
    ],
    "down": [
        "👇",
        "👎"
    ],
    "left": [
        "👈"
    ],
    "right": [
        "👉"
    ],
    "oncoming": [
        "👊"
    ],
    "fist": [
        "👊"
    ],
    "waving": [
        "👋"
    ],
    "hand": [
        "👋",
        "👌",
        "💁",
        "🙋"
    ],
    "ok": [
        "👌",
        "🙆"
    ],
    "thumbs": [
        "👍",
        "👎"
    ],
    "up": [
        "👍"
    ],
    "clapping": [
        "👏"
    ],
    "hands": [
        "👏",
        "🙌",
        "🙏"
    ],
    "crown": [
        "👑"
    ],
    "ghost": [
        "👻"
    ],
    "skull": [
        "💀"
    ],
    "person": [
        "💁",
        "🙅",
        "🙆",
        "🙋"
    ],
    "tipping": [
        "💁"
    ],
    "woman": [
        "💃"
    ],
    "dancing": [
        "💃"
    ],
    "kiss": [
        "💋",
        "😘"
    ],
    "mark": [
        "💋"
    ],
    "gem": [
        "💎"
    ],
    "stone": [
        "💎"
    ],
    "bouquet": [
        "💐"
    ],
    "beating": [
        "💓"
    ],
    "heart": [
        "💓",
        "💔",
        "💖",
        "💗",
        "💘",
        "💙",
        "💚",
        "💛",
        "💜"
    ],
    "broken": [
        "💔"
    ],
    "two": [
        "💕"
    ],
    "hearts": [
        "💕",
        "💞"
    ],
    "sparkling": [
        "💖"
    ],
    "growing": [
        "💗"
    ],
    "arrow": [
        "💘"
    ],
    "blue": [
        "💙"
    ],
    "green": [
        "💚"
    ],
    "yellow": [
        "💛"
    ],
    "purple": [
        "💜"
    ],
    "revolving": [
        "💞"
    ],
    "zzz": [
        "💤"
    ],
    "collision": [
        "💥"
    ],
    "sweat": [
        "💦",
        "😅",
        "😓",
        "😰"
    ],
    "droplets": [
        "💦"
    ],
    "pile": [
        "💩"
    ],
    "of": [
        "💩",
        "😂",
        "😹"
    ],
    "poo": [
        "💩"
    ],
    "flexed": [
        "💪"
    ],
    "biceps": [
        "💪"
    ],
    "dizzy": [
        "💫"
    ],
    "thought": [
        "💭"
    ],
    "hundred": [
        "💯"
    ],
    "points": [
        "💯"
    ],
    "money": [
        "💰"
    ],
    "bag": [
        "💰"
    ],
    "no": [
        "🔞",
        "🙅"
    ],
    "one": [
        "🔞"
    ],
    "under": [
        "🔞"
    ],
    "eighteen": [
        "🔞"
    ],
    "fire": [
        "🔥"
    ],
    "pistol": [
        "🔫"
    ],
    "red": [
        "🔴"
    ],
    "circle": [
        "🔴"
    ],
    "grinning": [
        "😀",
        "😃",
        "😄",
        "😅",
        "😆"
    ],
    "beaming": [
        "😁"
    ],
    "smiling": [
        "😁",
        "😄",
        "😇",
        "😈",
        "😊",
        "😍",
        "😎",
        "😙",
        "😻"
    ],
    "tears": [
        "😂",
        "😹"
    ],
    "joy": [
        "😂",
        "😹"
    ],
    "big": [
        "😃"
    ],
    "squinting": [
        "😆",
        "😝"
    ],
    "halo": [
        "😇"
    ],
    "horns": [
        "😈"
    ],
    "winking": [
        "😉",
        "😜"
    ],
    "savoring": [
        "😋"
    ],
    "food": [
        "😋"
    ],
    "relieved": [
        "😌",
        "😥"
    ],
    "hearteyes": [
        "😍",
        "😻"
    ],
    "sunglasses": [
        "😎"
    ],
    "smirking": [
        "😏"
    ],
    "neutral": [
        "😐"
    ],
    "expressionless": [
        "😑"
    ],
    "unamused": [
        "😒"
    ],
    "downcast": [
        "😓"
    ],
    "pensive": [
        "😔"
    ],
    "confused": [
        "😕"
    ],
    "confounded": [
        "😖"
    ],
    "blowing": [
        "😘"
    ],
    "a": [
        "😘"
    ],
    "kissing": [
        "😙",
        "😚"
    ],
    "closed": [
        "😚"
    ],
    "disappointed": [
        "😞"
    ],
    "worried": [
        "😟"
    ],
    "angry": [
        "😠"
    ],
    "pouting": [
        "😡"
    ],
    "crying": [
        "😢",
        "😭"
    ],
    "persevering": [
        "😣"
    ],
    "steam": [
        "😤"
    ],
    "from": [
        "😤"
    ],
    "nose": [
        "😤"
    ],
    "sad": [
        "😥"
    ],
    "but": [
        "😥"
    ],
    "fearful": [
        "😨"
    ],
    "weary": [
        "😩"
    ],
    "sleepy": [
        "😪"
    ],
    "tired": [
        "😫"
    ],
    "grimacing": [
        "😬"
    ],
    "loudly": [
        "😭"
    ],
    "anxious": [
        "😰"
    ],
    "screaming": [
        "😱"
    ],
    "fear": [
        "😱"
    ],
    "flushed": [
        "😳"
    ],
    "sleeping": [
        "😴"
    ],
    "without": [
        "😶"
    ],
    "mouth": [
        "😶"
    ],
    "medical": [
        "😷"
    ],
    "mask": [
        "😷"
    ],
    "cat": [
        "😹",
        "😻"
    ],
    "gesturing": [
        "🙅",
        "🙆"
    ],
    "seenoevil": [
        "🙈"
    ],
    "monkey": [
        "🙈",
        "🙊"
    ],
    "speaknoevil": [
        "🙊"
    ],
    "raising": [
        "🙋",
        "🙌"
    ],
    "folded": [
        "🙏"
    ]
}