{
    "srcLang": "hu",
    "targetLang": "hu,en,hi",
    "original": "bizonytalanságában",
    "translated": {
        "hu": "bizonytalanságában",
        "en": "in uncertainty",
        "hi": "अनिश्चितता में"
    },
    "progress": "746 \/ 746",
    "history": [
        "१",
        "o",
        "a",
        "s",
        "e",
        "२",
        "ő",
        "in",
        "of",
        "to",
        "my",
        "ca",
        "do",
        "az",
        "és",
        "óh",
        "at",
        "is",
        "it",
        "by",
        "if",
        "he",
        "be",
        "as",
        "on",
        "so",
        "ez",
        "úr",
        "el",
        "le",
        "mi",
        "őt",
        "तु",
        "tu",
        "an",
        "go",
        "de",
        "fő",
        "ám",
        "kim",
        "the",
        "and",
        "eva",
        "did",
        "mit",
        "így",
        "one",
        "who",
        "śrī",
        "try",
        "way",
        "all",
        "but",
        "are",
        "not",
        "for",
        "age",
        "was",
        "his",
        "war",
        "him",
        "can",
        "out",
        "son",
        "egy",
        "aki",
        "ezt",
        "nem",
        "meg",
        "már",
        "óta",
        "van",
        "vár",
        "azt",
        "még",
        "jól",
        "míg",
        "úgy",
        "any",
        "had",
        "fit",
        "saw",
        "sem",
        "fia",
        "text",
        "उवाच",
        "kuru",
        "king",
        "said",
        "sons",
        "what",
        "they",
        "fiai",
        "gītā",
        "read",
        "says",
        "that",
        "very",
        "with",
        "help",
        "from",
        "lord",
        "line",
        "then",
        "will",
        "find",
        "also",
        "form",
        "this",
        "time",
        "when",
        "word",
        "side",
        "both",
        "were",
        "want",
        "sure",
        "fate",
        "even",
        "holy",
        "knew",
        "well",
        "able",
        "room",
        "same",
        "mind",
        "only",
        "thus",
        "like",
        "hogy",
        "kell",
        "híve",
        "célú",
        "arra",
        "amit",
        "maga",
        "idők",
        "volt",
        "ezen",
        "nagy",
        "mert",
        "hely",
        "majd",
        "akik",
        "vers",
        "csak",
        "gazt",
        "fiát",
        "राजा",
        "tadā",
        "rājā",
        "over",
        "army",
        "went",
        "make",
        "sort",
        "once",
        "real",
        "fear",
        "felt",
        "hadi",
        "mint",
        "tesz",
        "मामका",
        "सञ्जय",
        "uvāca",
        "caiva",
        "place",
        "named",
        "fight",
        "party",
        "pāṇḍu",
        "fiaim",
        "after",
        "szólt",
        "there",
        "kṛṣṇa",
        "clear",
        "heard",
        "vedic",
        "world",
        "other",
        "which",
        "found",
        "basic",
        "great",
        "where",
        "kurus",
        "about",
        "doubt",
        "field",
        "still",
        "vedas",
        "would",
        "vyāsa",
        "mercy",
        "while",
        "asked",
        "paddy",
        "taken",
        "these",
        "wiped",
        "words",
        "apart",
        "their",
        "amely",
        "gītāt",
        "olyan",
        "ember",
        "úrtól",
        "arról",
        "világ",
        "egyéb",
        "sehol",
        "szent",
        "jelen",
        "lássa",
        "helye",
        "kuruk",
        "atyja",
        "végső",
        "abban",
        "öccse",
        "azért",
        "össze",
        "döntő",
        "mégis",
        "akart",
        "tudni",
        "csata",
        "védák",
        "írják",
        "ezért",
        "attól",
        "tudta",
        "többi",
        "fogva",
        "képes",
        "annak",
        "tehát",
        "saját",
        "fiait",
        "ennek",
        "fogja",
        "spoke",
        "blind",
        "birth",
        "could",
        "never",
        "reach",
        "pious",
        "since",
        "going",
        "under",
        "force",
        "chief",
        "quite",
        "akkor",
        "által",
        "hozzá",
        "vakon",
        "lelki",
        "vakok",
        "hívők",
        "miatt",
        "miért",
        "habár",
        "ügyes",
        "समवेता",
        "dharma",
        "kṣetre",
        "király",
        "mondta",
        "ismert",
        "harcra",
        "vágyva",
        "enyéim",
        "tettek",
        "miután",
        "widely",
        "should",
        "person",
        "itself",
        "arjuna",
        "enough",
        "wisdom",
        "reader",
        "things",
        "spoken",
        "topics",
        "sacred",
        "planet",
        "kṣetra",
        "father",
        "highly",
        "wanted",
        "battle",
        "fought",
        "heaven",
        "became",
        "nature",
        "belong",
        "family",
        "herein",
        "plants",
        "others",
        "headed",
        "széles",
        "körben",
        "teista",
        "nagyon",
        "minden",
        "nélkül",
        "hogyan",
        "tudást",
        "példát",
        "láncon",
        "teljes",
        "olvasó",
        "máshol",
        "hiszen",
        "jegyez",
        "kezdve",
        "amikor",
        "szónak",
        "erősen",
        "biztos",
        "csatát",
        "között",
        "akarta",
        "fiaira",
        "amiről",
        "helyen",
        "istent",
        "fiának",
        "kedvez",
        "voltak",
        "fűződő",
        "vallás",
        "akiket",
        "szavak",
        "व्यूढं",
        "dṛṣṭvā",
        "seeing",
        "anīkam",
        "bereft",
        "vision",
        "matter",
        "motive",
        "asking",
        "inform",
        "veneer",
        "szólta",
        "lépett",
        "sajnos",
        "éppoly",
        "jámbor",
        "fognak",
        "valódi",
        "láttán",
        "érzett",
        "māmakāḥ",
        "sañjaya",
        "vidéken",
        "science",
        "devotee",
        "without",
        "example",
        "someone",
        "studies",
        "perfect",
        "because",
        "supreme",
        "godhead",
        "evolved",
        "present",
        "mankind",
        "rituals",
        "victory",
        "younger",
        "brother",
        "inquiry",
        "between",
        "cousins",
        "worship",
        "fearful",
        "outcome",
        "student",
        "claimed",
        "nephews",
        "persons",
        "világos",
        "magában",
        "gītāban",
        "értette",
        "védikus",
        "mindazt",
        "beszéli",
        "alkotja",
        "alapját",
        "időtlen",
        "időktől",
        "bolygón",
        "vallási",
        "rítusok",
        "oldalán",
        "történt",
        "gyűltek",
        "kérdése",
        "mennyek",
        "tartott",
        "azonban",
        "felfedi",
        "elméjét",
        "kizárta",
        "családi",
        "alapján",
        "fiaihoz",
        "ahogyan",
        "odavaló",
        "mezején",
        "társait",
        "valóban",
        "állítsa",
        "mellett",
        "vyūḍhaṁ",
        "ācāryam",
        "vacanam",
        "abravīt",
        "pāṇḍava",
        "vyūḍham",
        "phalanx",
        "teacher",
        "looking",
        "purport",
        "equally",
        "assured",
        "account",
        "alkotva",
        "tanítót",
        "sereget",
        "intézte",
        "sohasem",
        "képesek",
        "kérdezi",
        "királyt",
        "azonnal",
        "legfőbb",
        "sietett",
        "helyzet",
        "kellett",
        "युयुत्सव",
        "samavetā",
        "pāṇḍavāś",
        "akurvata",
        "desiring",
        "pāṇḍavāḥ",
        "bhagavad",
        "theistic",
        "māhātmya",
        "teaching",
        "directly",
        "specific",
        "standard",
        "guidance",
        "doubtful",
        "ultimate",
        "inquired",
        "brothers",
        "arranged",
        "denizens",
        "virtuous",
        "envision",
        "pāṇḍavas",
        "heritage",
        "position",
        "expected",
        "religion",
        "unwanted",
        "olvasott",
        "tudomány",
        "alaposan",
        "emellett",
        "találunk",
        "hallotta",
        "tanítást",
        "indítékú",
        "olvashat",
        "istenség",
        "beszélte",
        "valamint",
        "vívjanak",
        "jelentős",
        "imádniuk",
        "kegyéből",
        "ellenére",
        "kérdezte",
        "pāṇḍavák",
        "előttünk",
        "hajlandó",
        "történet",
        "gyomokat",
        "kiirtani",
        "helyükbe",
        "vezetett",
        "दृष्ट्वा",
        "synonyms",
        "sañjayaḥ",
        "soldiers",
        "military",
        "informed",
        "although",
        "disguise",
        "falanxot",
        "szavakat",
        "uralkodó",
        "állított",
        "lennének",
        "kétségek",
        "elmondta",
        "említést",
        "leplezni",
        "félelmet",
        "किमकुर्वत",
        "samavetāḥ",
        "assembled",
        "certainly",
        "bizonyára",
        "motivated",
        "fortunate",
        "disciplic",
        "surpasses",
        "contained",
        "elsewhere",
        "discussed",
        "described",
        "principle",
        "religious",
        "performed",
        "secretary",
        "confident",
        "mentioned",
        "influence",
        "favorably",
        "therefore",
        "situation",
        "disclosed",
        "separated",
        "beginning",
        "kijelenti",
        "személyes",
        "keresztül",
        "tudományt",
        "szentírás",
        "tartalmaz",
        "ezenkívül",
        "dolgokkal",
        "tökéletes",
        "nagyszerű",
        "bölcselet",
        "köztudott",
        "filozófia",
        "harctéren",
        "egymással",
        "testvérek",
        "arjunának",
        "erényesek",
        "családhoz",
        "tartoztak",
        "kurukként",
        "elismerni",
        "viszonyát",
        "formation",
        "following",
        "spiritual",
        "encourage",
        "commander",
        "harcosait",
        "hadrendbe",
        "tanárához",
        "következő",
        "született",
        "befolyása",
        "gyötörték",
        "királynak",
        "haderejét",
        "fordulnia",
        "politikus",
        "धृतराष्ट्र",
        "yuyutsavaḥ",
        "kurukṣetra",
        "summarized",
        "understand",
        "personally",
        "understood",
        "succession",
        "scriptures",
        "philosophy",
        "immemorial",
        "determined",
        "engagement",
        "compromise",
        "duryodhana",
        "thoroughly",
        "historical",
        "importance",
        "dicsőítése",
        "értelmezés",
        "megértésre",
        "szerencsés",
        "tanítványi",
        "megtalálja",
        "valamennyi",
        "amelyekről",
        "különleges",
        "jellemzője",
        "legfelsőbb",
        "párbeszéde",
        "csatamezőn",
        "sañjayától",
        "tanítványa",
        "csatateret",
        "szobájában",
        "ugyanahhoz",
        "örökségből",
        "kezdetétől",
        "sejthetjük",
        "rizsföldön",
        "távolítjuk",
        "történelmi",
        "jelentésük",
        "despondent",
        "droṇācārya",
        "politician",
        "diplomatic",
        "magyarázat",
        "megegyezni",
        "születésük",
        "megértette",
        "bátorítani",
        "elcsüggedt",
        "megalkudni",
        "helyzetről",
        "királyként",
        "komolysága",
        "dhṛtarāṣṭra",
        "kurukṣetrai",
        "personality",
        "mahābhārata",
        "battlefield",
        "significant",
        "possibility",
        "unnecessary",
        "yudhiṣṭhira",
        "established",
        "törekednünk",
        "megértésére",
        "személyében",
        "közvetlenül",
        "szentírását",
        "találkozhat",
        "tartalmazza",
        "keletkezett",
        "személyesen",
        "emberiséget",
        "jelentősége",
        "kételkedett",
        "győzelmében",
        "érdeklődött",
        "egyezkedést",
        "helyszínéül",
        "kurukṣetrát",
        "kimenetelét",
        "szándékosan",
        "duryodhanát",
        "पाण्डवानीकं",
        "वचनमब्रवीत्",
        "duryodhanas",
        "upasaṅgamya",
        "duryodhanaḥ",
        "approaching",
        "translation",
        "seriousness",
        "arrangement",
        "pāṇḍavákkal",
        "mindannyian",
        "hadvezérhez",
        "धर्मक्षेत्रे",
        "dhṛtarāṣṭraḥ",
        "összegyűltek",
        "deliberately",
        "relationship",
        "significance",
        "segítségével",
        "értelmezésen",
        "elmondhatjuk",
        "személyisége",
        "zarándokhely",
        "útmutatással",
        "tanácsosától",
        "választották",
        "tartózkodott",
        "történtekről",
        "megérthetjük",
        "nemkívánatos",
        "vallásosakat",
        "pāṇḍavānīkaṁ",
        "megközelítve",
        "rendelkezett",
        "tekintetében",
        "alakulásáról",
        "megnyugtatta",
        "tájékoztassa",
        "diplomatikus",
        "glorification",
        "understanding",
        "tanulmányozta",
        "felsorakozott",
        "félisteneinek",
        "दुर्योधनस्तदा",
        "unfortunately",
        "megtekintette",
        "droṇācāryához",
        "duryodhanáról",
        "zarándokhelyen",
        "kurukṣetraként",
        "scrutinizingly",
        "interpretation",
        "összefoglalása",
        "elsajátítanunk",
        "unokatestvérek",
        "természetüknél",
        "unokaöccseihez",
        "viselkedésével",
        "elrendezésének",
        "interpretations",
        "tanulmányoznunk",
        "befolyásolhatja",
        "látóképességgel",
        "आचार्यमुपसङ्गम्य",
        "bizonytalanságában"
    ]
}