{
    "bizonyára;": {
        "src": "hu",
        "translations": {
            "hu": "bizonyára;",
            "en": "Certainly;",
            "hi": "निश्चित रूप से;"
        }
    },
    "dharma-kṣetre": {
        "src": "id",
        "translations": {
            "hu": "dharma-kṣetre",
            "en": "dharma-kṣetre",
            "hi": "धर्म-केट्रे"
        }
    },
    "पाण्डवाश्चैव": {
        "src": "sa",
        "translations": {
            "hu": "Pandavák és",
            "en": "Pandavas and",
            "hi": "पांडव और"
        }
    },
    "कुरुक्षेत्रे": {
        "src": "sa",
        "translations": {
            "hu": "Kurukshetre",
            "en": "Kurukshetre",
            "hi": "कुरुक्षेट्रे"
        }
    },
    "pilgrimage": {
        "src": "en",
        "translations": {
            "hu": "zarándoklat",
            "en": "pilgrimage",
            "hi": "तीर्थ यात्रा"
        }
    },
    "2": {
        "src": "en",
        "translations": {
            "hu": "2",
            "en": "2",
            "hi": "2"
        }
    },
    "1": {
        "src": "en",
        "translations": {
            "hu": "1",
            "en": "1",
            "hi": "1"
        }
    },
    "27": {
        "src": "en",
        "translations": {
            "hu": "27",
            "en": "27",
            "hi": "27"
        }
    },
    "8": {
        "src": "en",
        "translations": {
            "hu": "8",
            "en": "8",
            "hi": "8"
        }
    },
    "12": {
        "src": "en",
        "translations": {
            "hu": "12",
            "en": "12",
            "hi": "12"
        }
    },
    "6": {
        "src": "en",
        "translations": {
            "hu": "6",
            "en": "6",
            "hi": "6"
        }
    },
    "4": {
        "src": "en",
        "translations": {
            "hu": "4",
            "en": "4",
            "hi": "4"
        }
    },
    "25": {
        "src": "en",
        "translations": {
            "hu": "25",
            "en": "25",
            "hi": "25"
        }
    },
    "22": {
        "src": "en",
        "translations": {
            "hu": "22",
            "en": "22",
            "hi": "22"
        }
    },
    "101": {
        "src": "en",
        "translations": {
            "hu": "101",
            "en": "101",
            "hi": "101"
        }
    },
    "9": {
        "src": "en",
        "translations": {
            "hu": "9",
            "en": "9",
            "hi": "9"
        }
    },
    "57": {
        "src": "en",
        "translations": {
            "hu": "57",
            "en": "57",
            "hi": "57"
        }
    },
    "3": {
        "src": "en",
        "translations": {
            "hu": "3",
            "en": "3",
            "hi": "3"
        }
    },
    "17": {
        "src": "en",
        "translations": {
            "hu": "17",
            "en": "17",
            "hi": "17"
        }
    },
    "16": {
        "src": "en",
        "translations": {
            "hu": "16",
            "en": "16",
            "hi": "16"
        }
    },
    "14": {
        "src": "en",
        "translations": {
            "hu": "14",
            "en": "14",
            "hi": "14"
        }
    },
    "21": {
        "src": "en",
        "translations": {
            "hu": "21",
            "en": "21",
            "hi": "21"
        }
    },
    "5": {
        "src": "en",
        "translations": {
            "hu": "5",
            "en": "5",
            "hi": "5"
        }
    },
    "76": {
        "src": "en",
        "translations": {
            "hu": "76",
            "en": "76",
            "hi": "76"
        }
    },
    "10": {
        "src": "en",
        "translations": {
            "hu": "10",
            "en": "10",
            "hi": "10"
        }
    },
    "11": {
        "src": "en",
        "translations": {
            "hu": "11",
            "en": "11",
            "hi": "11"
        }
    },
    "13": {
        "src": "en",
        "translations": {
            "hu": "13",
            "en": "13",
            "hi": "13"
        }
    },
    "7": {
        "src": "en",
        "translations": {
            "hu": "7",
            "en": "7",
            "hi": "7"
        }
    },
    "18": {
        "src": "en",
        "translations": {
            "hu": "18",
            "en": "18",
            "hi": "18"
        }
    },
    "15": {
        "src": "en",
        "translations": {
            "hu": "15",
            "en": "15",
            "hi": "15"
        }
    }
}