{
    "srcLang": "en",
    "targetLang": "hu,en,hi",
    "original": "text",
    "translated": {
        "hu": "szöveg",
        "en": "text",
        "hi": "मूलपाठ"
    },
    "progress": "87 \/ 746",
    "history": [
        "1",
        "१",
        "o",
        "a",
        "s",
        "e",
        "2",
        "२",
        "ő",
        "in",
        "of",
        "to",
        "my",
        "ca",
        "do",
        "az",
        "és",
        "óh",
        "at",
        "is",
        "it",
        "by",
        "if",
        "he",
        "be",
        "as",
        "on",
        "so",
        "ez",
        "úr",
        "el",
        "le",
        "mi",
        "őt",
        "तु",
        "tu",
        "an",
        "go",
        "de",
        "fő",
        "ám",
        "kim",
        "the",
        "and",
        "eva",
        "did",
        "mit",
        "így",
        "one",
        "who",
        "śrī",
        "try",
        "way",
        "all",
        "but",
        "are",
        "not",
        "for",
        "age",
        "was",
        "his",
        "war",
        "him",
        "can",
        "out",
        "son",
        "egy",
        "aki",
        "ezt",
        "nem",
        "meg",
        "már",
        "óta",
        "van",
        "vár",
        "azt",
        "még",
        "jól",
        "míg",
        "úgy",
        "any",
        "had",
        "fit",
        "saw",
        "sem",
        "fia",
        "text"
    ]
}