{
    "text": 2,
    "1": 1,
    "धृतराष्ट्र": 1,
    "उवाच": 2,
    "धर्मक्षेत्रे": 1,
    "कुरुक्षेत्रे": 1,
    "समवेता": 1,
    "युयुत्सव": 1,
    "मामका": 1,
    "पाण्डवाश्चैव": 1,
    "किमकुर्वत": 1,
    "सञ्जय": 2,
    "१": 1,
    "dhṛtarāṣṭra": 27,
    "uvāca": 8,
    "dharma": 8,
    "kṣetre": 12,
    "kuru": 6,
    "samavetā": 2,
    "yuyutsavaḥ": 4,
    "māmakāḥ": 4,
    "pāṇḍavāś": 2,
    "caiva": 2,
    "kim": 4,
    "akurvata": 4,
    "sañjaya": 25,
    "dhṛtarāṣṭraḥ": 2,
    "king": 8,
    "said": 4,
    "in": 22,
    "the": 101,
    "place": 9,
    "of": 57,
    "pilgrimage": 4,
    "named": 1,
    "kurukṣetra": 9,
    "samavetāḥ": 2,
    "assembled": 3,
    "desiring": 2,
    "to": 17,
    "fight": 2,
    "my": 2,
    "party": 1,
    "sons": 16,
    "pāṇḍavāḥ": 2,
    "pāṇḍu": 14,
    "ca": 2,
    "and": 21,
    "eva": 2,
    "certainly": 1,
    "what": 3,
    "did": 4,
    "they": 5,
    "do": 3,
    "o": 3,
    "király": 4,
    "mondta": 2,
    "a": 76,
    "zarándokhelyen": 2,
    "kurukṣetraként": 1,
    "ismert": 1,
    "vidéken": 1,
    "összegyűltek": 2,
    "harcra": 2,
    "vágyva": 2,
    "az": 10,
    "enyéim": 1,
    "fiaim": 2,
    "fiai": 9,
    "és": 12,
    "bizonyára": 1,
    "mit": 2,
    "tettek": 2,
    "óh": 3,
    "after": 4,
    "at": 4,
    "így": 2,
    "szólt": 2,
    "miután": 2,
    "kurukṣetrai": 5,
    "bhagavad": 11,
    "gītā": 13,
    "is": 22,
    "widely": 1,
    "read": 2,
    "theistic": 2,
    "science": 2,
    "summarized": 1,
    "māhātmya": 2,
    "glorification": 1,
    "there": 2,
    "it": 7,
    "says": 1,
    "that": 14,
    "one": 3,
    "should": 1,
    "very": 5,
    "scrutinizingly": 1,
    "with": 3,
    "help": 1,
    "person": 1,
    "who": 3,
    "devotee": 1,
    "śrī": 6,
    "kṛṣṇa": 6,
    "try": 1,
    "understand": 4,
    "without": 2,
    "personally": 2,
    "motivated": 2,
    "interpretations": 1,
    "example": 1,
    "clear": 1,
    "understanding": 2,
    "itself": 1,
    "way": 1,
    "teaching": 1,
    "understood": 2,
    "by": 9,
    "arjuna": 5,
    "heard": 1,
    "directly": 2,
    "from": 7,
    "lord": 4,
    "if": 1,
    "someone": 1,
    "fortunate": 1,
    "enough": 1,
    "line": 1,
    "disciplic": 1,
    "succession": 1,
    "interpretation": 1,
    "then": 1,
    "he": 18,
    "surpasses": 1,
    "all": 5,
    "studies": 1,
    "vedic": 3,
    "wisdom": 1,
    "scriptures": 2,
    "world": 1,
    "will": 2,
    "find": 2,
    "contained": 1,
    "other": 1,
    "but": 4,
    "reader": 1,
    "also": 2,
    "things": 1,
    "which": 3,
    "are": 3,
    "not": 4,
    "be": 6,
    "found": 1,
    "elsewhere": 2,
    "specific": 2,
    "standard": 1,
    "perfect": 1,
    "because": 4,
    "spoken": 2,
    "supreme": 2,
    "personality": 2,
    "godhead": 2,
    "topics": 2,
    "discussed": 1,
    "as": 5,
    "described": 1,
    "mahābhārata": 2,
    "form": 1,
    "basic": 1,
    "principle": 1,
    "for": 4,
    "this": 5,
    "great": 1,
    "philosophy": 2,
    "evolved": 1,
    "on": 9,
    "battlefield": 6,
    "sacred": 1,
    "immemorial": 1,
    "time": 2,
    "age": 1,
    "was": 15,
    "when": 2,
    "present": 3,
    "planet": 1,
    "guidance": 1,
    "mankind": 1,
    "word": 1,
    "kṣetra": 2,
    "where": 2,
    "religious": 3,
    "rituals": 1,
    "performed": 1,
    "significant": 2,
    "side": 1,
    "father": 2,
    "kurus": 2,
    "highly": 1,
    "doubtful": 2,
    "about": 5,
    "possibility": 1,
    "his": 15,
    "ultimate": 1,
    "victory": 1,
    "doubt": 1,
    "inquired": 1,
    "secretary": 1,
    "confident": 1,
    "both": 2,
    "younger": 1,
    "brother": 1,
    "were": 5,
    "field": 3,
    "determined": 1,
    "engagement": 1,
    "war": 1,
    "still": 3,
    "inquiry": 1,
    "want": 1,
    "compromise": 2,
    "between": 1,
    "cousins": 1,
    "brothers": 1,
    "wanted": 2,
    "sure": 2,
    "fate": 1,
    "battle": 2,
    "arranged": 3,
    "fought": 1,
    "mentioned": 2,
    "vedas": 1,
    "worship": 1,
    "even": 2,
    "denizens": 1,
    "heaven": 1,
    "became": 1,
    "fearful": 1,
    "influence": 4,
    "holy": 2,
    "outcome": 1,
    "knew": 2,
    "well": 2,
    "would": 3,
    "favorably": 1,
    "nature": 1,
    "virtuous": 1,
    "student": 1,
    "vyāsa": 4,
    "therefore": 4,
    "mercy": 1,
    "able": 1,
    "envision": 1,
    "while": 1,
    "room": 1,
    "so": 2,
    "asked": 1,
    "him": 3,
    "situation": 3,
    "pāṇḍavas": 5,
    "belong": 1,
    "same": 1,
    "family": 2,
    "s": 11,
    "mind": 2,
    "disclosed": 1,
    "herein": 1,
    "deliberately": 1,
    "claimed": 1,
    "only": 1,
    "separated": 1,
    "heritage": 1,
    "can": 1,
    "thus": 2,
    "position": 2,
    "relationship": 1,
    "nephews": 1,
    "paddy": 1,
    "unnecessary": 1,
    "plants": 2,
    "taken": 1,
    "out": 2,
    "expected": 1,
    "beginning": 1,
    "these": 1,
    "religion": 2,
    "unwanted": 1,
    "like": 1,
    "son": 2,
    "duryodhana": 9,
    "others": 1,
    "wiped": 1,
    "thoroughly": 1,
    "persons": 1,
    "headed": 1,
    "yudhiṣṭhira": 2,
    "established": 1,
    "significance": 1,
    "words": 3,
    "apart": 1,
    "their": 1,
    "historical": 1,
    "importance": 1,
    "széles": 1,
    "körben": 1,
    "olvasott": 1,
    "teista": 2,
    "tudomány": 1,
    "összefoglalása": 1,
    "dicsőítése": 1,
    "amely": 2,
    "kijelenti": 1,
    "hogy": 18,
    "gītāt": 2,
    "nagyon": 4,
    "alaposan": 1,
    "egy": 2,
    "olyan": 3,
    "ember": 1,
    "segítségével": 1,
    "kell": 4,
    "tanulmányoznunk": 1,
    "aki": 4,
    "híve": 1,
    "emellett": 1,
    "minden": 2,
    "személyes": 2,
    "célú": 1,
    "értelmezés": 1,
    "nélkül": 1,
    "törekednünk": 1,
    "megértésére": 1,
    "világos": 1,
    "megértésre": 1,
    "arra": 2,
    "hogyan": 1,
    "e": 4,
    "tudást": 1,
    "elsajátítanunk": 1,
    "magában": 1,
    "gītāban": 2,
    "találunk": 1,
    "példát": 1,
    "személyében": 1,
    "közvetlenül": 1,
    "úrtól": 1,
    "hallotta": 1,
    "ezt": 1,
    "tanítást": 1,
    "szerencsés": 1,
    "tanítványi": 1,
    "láncon": 1,
    "nem": 5,
    "indítékú": 1,
    "értelmezésen": 1,
    "keresztül": 1,
    "értette": 1,
    "meg": 1,
    "arról": 1,
    "elmondhatjuk": 1,
    "már": 1,
    "teljes": 1,
    "védikus": 3,
    "tudományt": 2,
    "világ": 1,
    "szentírását": 1,
    "tanulmányozta": 1,
    "olvasó": 1,
    "megtalálja": 1,
    "mindazt": 1,
    "amit": 3,
    "valamennyi": 1,
    "egyéb": 1,
    "szentírás": 1,
    "tartalmaz": 1,
    "ezenkívül": 1,
    "dolgokkal": 1,
    "találkozhat": 1,
    "amelyekről": 1,
    "sehol": 1,
    "máshol": 1,
    "olvashat": 1,
    "ez": 5,
    "különleges": 1,
    "jellemzője": 1,
    "tökéletes": 1,
    "tartalmazza": 1,
    "hiszen": 1,
    "maga": 3,
    "istenség": 2,
    "legfelsőbb": 2,
    "személyisége": 2,
    "úr": 2,
    "beszéli": 1,
    "el": 4,
    "párbeszéde": 1,
    "jegyez": 1,
    "le": 1,
    "alkotja": 1,
    "nagyszerű": 1,
    "bölcselet": 1,
    "alapját": 1,
    "köztudott": 1,
    "filozófia": 1,
    "csatamezőn": 4,
    "keletkezett": 1,
    "időtlen": 1,
    "idők": 1,
    "óta": 2,
    "időktől": 1,
    "kezdve": 1,
    "szent": 4,
    "zarándokhely": 2,
    "beszélte": 1,
    "amikor": 1,
    "személyesen": 1,
    "jelen": 2,
    "volt": 8,
    "ezen": 1,
    "bolygón": 1,
    "útmutatással": 1,
    "lássa": 2,
    "emberiséget": 1,
    "vallási": 1,
    "rítusok": 1,
    "helye": 1,
    "szónak": 1,
    "nagy": 1,
    "jelentősége": 2,
    "van": 1,
    "mert": 1,
    "oldalán": 1,
    "kuruk": 1,
    "atyja": 2,
    "erősen": 1,
    "kételkedett": 1,
    "végső": 1,
    "győzelmében": 1,
    "bizonytalanságában": 1,
    "sañjayától": 1,
    "tanácsosától": 1,
    "érdeklődött": 1,
    "mi": 2,
    "történt": 1,
    "abban": 2,
    "biztos": 2,
    "valamint": 1,
    "öccse": 1,
    "azért": 1,
    "gyűltek": 1,
    "össze": 1,
    "harctéren": 1,
    "döntő": 1,
    "csatát": 1,
    "vívjanak": 1,
    "egymással": 1,
    "kérdése": 1,
    "mégis": 2,
    "jelentős": 1,
    "akart": 1,
    "egyezkedést": 1,
    "unokatestvérek": 1,
    "testvérek": 1,
    "között": 1,
    "tudni": 1,
    "akarta": 2,
    "vár": 1,
    "felsorakozott": 1,
    "fiaira": 1,
    "csata": 3,
    "helyszínéül": 1,
    "kurukṣetrát": 1,
    "választották": 1,
    "amiről": 1,
    "védák": 1,
    "azt": 2,
    "írják": 1,
    "helyen": 1,
    "istent": 1,
    "imádniuk": 1,
    "még": 2,
    "mennyek": 1,
    "félisteneinek": 1,
    "ezért": 2,
    "attól": 1,
    "tartott": 1,
    "hely": 2,
    "befolyásolhatja": 1,
    "kimenetelét": 1,
    "jól": 2,
    "tudta": 3,
    "arjunának": 1,
    "többi": 1,
    "fiának": 1,
    "kedvez": 1,
    "majd": 3,
    "akik": 2,
    "természetüknél": 1,
    "fogva": 2,
    "erényesek": 1,
    "voltak": 2,
    "tanítványa": 1,
    "kegyéből": 1,
    "képes": 1,
    "csatateret": 1,
    "annak": 1,
    "ellenére": 2,
    "szobájában": 1,
    "tartózkodott": 1,
    "tehát": 3,
    "őt": 3,
    "kérdezte": 1,
    "történtekről": 1,
    "pāṇḍavák": 4,
    "ugyanahhoz": 1,
    "családhoz": 1,
    "tartoztak": 1,
    "vers": 3,
    "azonban": 2,
    "felfedi": 1,
    "előttünk": 1,
    "elméjét": 1,
    "szándékosan": 1,
    "csak": 1,
    "saját": 1,
    "fiait": 2,
    "hajlandó": 1,
    "kurukként": 1,
    "elismerni": 1,
    "míg": 1,
    "kizárta": 1,
    "családi": 1,
    "örökségből": 1,
    "ennek": 1,
    "alapján": 1,
    "megérthetjük": 1,
    "unokaöccseihez": 1,
    "fiaihoz": 1,
    "fűződő": 1,
    "viszonyát": 1,
    "történet": 1,
    "kezdetétől": 1,
    "sejthetjük": 1,
    "ahogyan": 1,
    "rizsföldön": 1,
    "odavaló": 1,
    "gyomokat": 1,
    "távolítjuk": 1,
    "úgy": 1,
    "fogja": 1,
    "mezején": 1,
    "vallás": 2,
    "kiirtani": 1,
    "nemkívánatos": 1,
    "gazt": 1,
    "fiát": 1,
    "duryodhanát": 1,
    "társait": 1,
    "helyükbe": 1,
    "valóban": 1,
    "vallásosakat": 1,
    "állítsa": 1,
    "akiket": 1,
    "vezetett": 1,
    "szavak": 1,
    "történelmi": 1,
    "jelentésük": 1,
    "mellett": 1,
    "2": 2,
    "दृष्ट्वा": 1,
    "तु": 1,
    "पाण्डवानीकं": 1,
    "व्यूढं": 1,
    "दुर्योधनस्तदा": 1,
    "आचार्यमुपसङ्गम्य": 1,
    "राजा": 1,
    "वचनमब्रवीत्": 1,
    "२": 1,
    "dṛṣṭvā": 4,
    "tu": 4,
    "pāṇḍavānīkaṁ": 2,
    "vyūḍhaṁ": 2,
    "duryodhanas": 2,
    "tadā": 4,
    "ācāryam": 4,
    "upasaṅgamya": 4,
    "rājā": 4,
    "vacanam": 4,
    "abravīt": 4,
    "synonyms": 1,
    "sañjayaḥ": 2,
    "seeing": 2,
    "pāṇḍava": 2,
    "anīkam": 2,
    "soldiers": 1,
    "vyūḍham": 2,
    "military": 4,
    "phalanx": 1,
    "duryodhanaḥ": 2,
    "teacher": 2,
    "approaching": 1,
    "spoke": 2,
    "translation": 1,
    "looking": 1,
    "over": 1,
    "army": 1,
    "formation": 1,
    "went": 2,
    "following": 1,
    "purport": 1,
    "blind": 2,
    "birth": 2,
    "unfortunately": 1,
    "bereft": 1,
    "spiritual": 1,
    "vision": 1,
    "equally": 1,
    "matter": 1,
    "could": 3,
    "never": 1,
    "reach": 1,
    "an": 1,
    "pious": 1,
    "since": 1,
    "motive": 1,
    "asking": 1,
    "encourage": 1,
    "despondent": 1,
    "assured": 1,
    "going": 1,
    "make": 1,
    "any": 1,
    "sort": 1,
    "under": 1,
    "informed": 1,
    "force": 1,
    "once": 1,
    "commander": 2,
    "chief": 1,
    "droṇācārya": 1,
    "inform": 1,
    "real": 1,
    "although": 1,
    "had": 1,
    "go": 1,
    "account": 1,
    "seriousness": 1,
    "quite": 1,
    "fit": 1,
    "politician": 1,
    "diplomatic": 1,
    "veneer": 1,
    "disguise": 1,
    "fear": 1,
    "felt": 1,
    "saw": 1,
    "arrangement": 1,
    "megtekintette": 3,
    "de": 1,
    "harcosait": 1,
    "hadi": 2,
    "falanxot": 1,
    "alkotva": 1,
    "akkor": 1,
    "tanítót": 1,
    "megközelítve": 1,
    "szavakat": 2,
    "szólta": 1,
    "uralkodó": 1,
    "által": 1,
    "hadrendbe": 1,
    "állított": 1,
    "sereget": 1,
    "tanárához": 1,
    "lépett": 1,
    "következő": 1,
    "intézte": 1,
    "hozzá": 1,
    "magyarázat": 1,
    "vakon": 1,
    "született": 1,
    "sajnos": 1,
    "lelki": 1,
    "látóképességgel": 1,
    "sem": 3,
    "rendelkezett": 1,
    "tekintetében": 1,
    "éppoly": 1,
    "vakok": 1,
    "mint": 1,
    "ő": 1,
    "sohasem": 1,
    "lennének": 1,
    "képesek": 1,
    "megegyezni": 1,
    "pāṇḍavákkal": 1,
    "születésük": 1,
    "mindannyian": 1,
    "jámbor": 1,
    "hívők": 1,
    "befolyása": 2,
    "miatt": 2,
    "kétségek": 1,
    "gyötörték": 1,
    "megértette": 1,
    "miért": 1,
    "kérdezi": 1,
    "alakulásáról": 1,
    "bátorítani": 1,
    "elcsüggedt": 1,
    "királyt": 1,
    "megnyugtatta": 1,
    "fognak": 1,
    "megalkudni": 1,
    "elmondta": 1,
    "királynak": 1,
    "fia": 1,
    "haderejét": 1,
    "azonnal": 1,
    "legfőbb": 1,
    "hadvezérhez": 2,
    "droṇācāryához": 1,
    "sietett": 1,
    "tájékoztassa": 1,
    "valódi": 1,
    "helyzetről": 1,
    "habár": 1,
    "duryodhanáról": 1,
    "királyként": 1,
    "tesz": 1,
    "említést": 1,
    "helyzet": 1,
    "komolysága": 1,
    "fő": 1,
    "kellett": 1,
    "fordulnia": 1,
    "ügyes": 1,
    "politikus": 1,
    "ám": 1,
    "diplomatikus": 1,
    "viselkedésével": 1,
    "leplezni": 1,
    "félelmet": 1,
    "elrendezésének": 1,
    "láttán": 1,
    "érzett": 1
}